prot_id,trial_id,trajectory_id,first_speed,final_speed,noise_present,direction
1,1,5,1000,500,noise,1.3704242732488776
1,2,8,1000,1000,no_noise,0.0860831146672556
1,3,10,500,1000,noise,5.15650404568551
1,4,2,500,1000,no_noise,5.069398632161118
1,5,1,1000,500,no_noise,NA
1,6,7,500,500,noise,1.9636512838778843
1,7,4,1000,1000,noise,0.7013427424260605
1,8,9,1000,500,noise,2.354472407397827
1,9,3,500,500,no_noise,2.7529467005372887
1,10,6,500,1000,noise,1.5973024069709574
