prot_id,trial_id,trajectory_id,Var1,Var2,Var3,direction
1,1,6,1500,2000,1500,4.3076624825872365
1,2,7,1500,2500,1500,3.6223216164864134
1,3,3,2000,2500,2500,0.40354611162391674
1,4,4,1500,1500,2000,2.9428470021442354
1,5,1,2500,2000,1500,3.9066376634595583
1,6,2,2000,1500,2500,1.197750774144545
1,7,10,2500,1500,1500,6.208314959271931
1,8,5,1500,2500,1500,5.392088783169727
1,9,8,1500,1500,2500,5.719652315139928
1,10,9,2000,2500,2500,1.3495105631603357
